Animal,Parent Class,Class,Sub-Class,Young,Generic name
Abalone,Sea animal,Sea animal / Shellfish,Shellfish / Abalone / Clam / Mussel / Scallop,,
Acyrthosiphon pisum Aphid,Insect,Insect,Ant / Termite / Aphid,,
Aedes aegypti Mosquito,Insect,Insect,Mosquito / Crane fly,,
Aedes aegypti Mosquito Larva,Insect,Insect / Larva / Pupa,Larva / Pupa,Yes,
Aesculapian Snake,Reptile,Reptile / Snake,Snake / Cobra / Viper / Python,,
African Bullfrog,Amphibian,Amphibian,Frog / Toad,,
African Civet,Mammal,Mammal,Cat / Lion / Tiger / Cheetah / Leopard / Cheetah / Cougar / Civet cat,,
African Clawed Toad,Amphibian,Amphibian,Frog / Toad,,
African Finfoot,Bird,Bird,Water bird / Duck / Swan / Goose,,
African Golden Cat,Mammal,Mammal,Cat / Lion / Tiger / Cheetah / Leopard / Cheetah / Cougar / Civet cat,,
African Oryx,Mammal,Mammal,Deer / Antelope / Caribou / Moose,,
African Painted Dog,Mammal,Mammal,Dog / Wolf / Fox / Coyote / Jackal,,
African Penguin,Bird,Bird / Penguin,Penguin,,
African Wild Boar,Mammal,Mammal,Pig / Boar / Hog,,
African Wild Dog,Mammal,Mammal,Dog / Wolf / Fox / Coyote / Jackal,,
Agouti,Mammal,Mammal,Rodent / Rat / Mouse / Hamster / Guinea pig / Pika,,
Agraulis vanilla Caterpillar,Insect,Insect / Caterpillar / Worm,Caterpillar / Centipede / Millipede,Yes,
Alauda arvensis Bird,Bird,Bird,Bird,,
Albatross,Bird,Bird,Bird,,
Aldabrachelys gigantea Tortoise,Reptile,Reptile / Turtle,Tortoise / Turtle,,
Alfalfa Leafcutting Bee,Insect,Insect,Bee / Wasp,,
Alligator,Reptile,Reptile,Crocodile / Alligator,,
Alpaca,Mammal,Mammal,Alpaca / Camel,,
Alpine Newt,Amphibian,Amphibian,Salamander / Newt,,
Altantic Stingray,Sea animal,Sea animal / Stingray,Stingray,,
Amazon Milk Frog,Amphibian,Amphibian,Frog / Toad,,
Anartia jatrophae,Insect,Insect,Butterfly / Moth,,
Anas crecca Bird,Bird,Bird,Water bird / Duck / Swan / Goose,,
Anas platyrhynchos Bird,Bird,Bird,Bird,,
Anisolabis maritima,Insect,Insect,Earwig,,
Annulated Tree Boa,Reptile,Reptile / Snake,Snake / Cobra / Viper / Python,,
Anole Lizard,Reptile,Reptile,Lizard / Gecko / Draco / Iguana / Chamelon,,
Anopheles gambiae mosquito,Insect,Insect,Mosquito / Crane fly,,
Ant,Insect,Insect,Ant / Termite / Aphid,,
Anteater,Mammal,Mammal,Anteater,,
Antelope,Mammal,Mammal,Deer / Antelope / Caribou / Moose,,
Anthus pratensis Bird,Bird,Bird,Bird,,
Antipaluria urichi webspinner,Insect,Insect,Insect,,
Aphid,Insect,Insect,Ant / Termite / Aphid,,
Aphidius ervi Parasitoid Wasp,Insect,Insect,Bee / Wasp,,
Aphis fabae Alates,Insect,Insect,Ant / Termite / Aphid,,
Aphis fabae Aphid,Insect,Insect,Ant / Termite / Aphid,,
Apis mellifera Honey Bee,Insect,Insect,Bee / Wasp,,
Araneus diadematus Spider,Insect,Insect / Spider,Spider / Tarantula,,
Archer Fish,Fish,Fish,Fish,,
Archispirostreptus gigas Giant African Millipede,Insect,Insect / Caterpillar / Worm,Caterpillar / Centipede / Millipede,,
Ardea alba Egret,Bird,Bird,Bird,,
Ardeotis kori Bird,Bird,Bird,Bird,,
Argentine Ant,Insect,Insect,Ant / Termite / Aphid,,
Arizona Bark Scorpion,Insect,Insect,Scorpion,,
Ashe's Spitting Cobra,Reptile,Reptile / Snake,Snake / Cobra / Viper / Python,,
Asian Glossy Starling Bird,Bird,Bird,Bird,,
Asian Lion,Mammal,Mammal,Cat / Lion / Tiger / Cheetah / Leopard / Cheetah / Cougar / Civet cat,,
Asian Small-clawed Otter,Mammal,Mammal,Otter,,
Asian Tapir,Mammal,Mammal,Tapir,,
Asiatic Golden Cat,Mammal,Mammal,Cat / Lion / Tiger / Cheetah / Leopard / Cheetah / Cougar / Civet cat,,
Atheris hispida Viper,Reptile,Reptile / Snake,Snake / Cobra / Viper / Python,,
Atheris nitschei Viper,Reptile,Reptile / Snake,Snake / Cobra / Viper / Python,,
Atheris squamigera,Reptile,Reptile / Snake,Snake / Cobra / Viper / Python,,
Atlantic Blue Tang Fish,Fish,Fish,Fish,,
Australian Bowerbird,Bird,Bird,Bird,,
Australian King Parrot,Bird,Bird,Bird,,
Avicularia Spider,Insect,Insect / Spider,Spider / Tarantula,,
Azure Tit Bird,Bird,Bird,Bird,,
Babirusa,Mammal,Mammal,Pig / Boar / Hog,,
Baboon,Mammal,Mammal,Primate / Monkey / Macaque / Baboon / Chimpanzee / Gorilla / Orangutan / Langur,,
Backswimmer,Insect,Insect,Water Insect,,
Badger,Mammal,Mammal,Badger,,
Bald Eagle,Bird,Bird,Bird,,
Banana Slug,Insect,Insect / Snail,Snail / Slug / Nudibranch,,
Banded Rubber Frog,Amphibian,Amphibian,Frog / Toad,,
Banded Woodpecker,Bird,Bird,Bird,,
Bare-Faced Curassow,Bird,Bird,Chicken / Curassow / Turkey,,
Barking Deer,Mammal,Mammal,Deer / Antelope / Caribou / Moose,,
Barracuda Fish,Fish,Fish,Fish,,
Barramundi Fish,Fish,Fish,Fish,,
Barred Warbler Bird,Bird,Bird,Bird,,
Basilisk Lizard,Reptile,Reptile,Lizard / Gecko / Draco / Iguana / Chamelon,,
Bat,Mammal,Mammal / Bat,Bat,,
Battus philenor hirsuta,Insect,Insect,Butterfly / Moth,,
Battus philenor hirsuta Caterpillar,Insect,Insect / Caterpillar / Worm,Caterpillar / Centipede / Millipede,Yes,
Bavayia sp. Gecko,Reptile,Reptile,Lizard / Gecko / Draco / Iguana / Chamelon,,
Bay's Duiker,Mammal,Mammal,Deer / Antelope / Caribou / Moose,,
Bearded Pig,Mammal,Mammal,Pig / Boar / Hog,,
Beaver,Mammal,Mammal,Beaver,,
Bee,Insect,Insect,Bee / Wasp,,
Beetle,Insect,Insect,Beetle,,
Bengal Tiger,Mammal,Mammal,Cat / Lion / Tiger / Cheetah / Leopard / Cheetah / Cougar / Civet cat,,
Big Headed Ant,Insect,Insect,Ant / Termite / Aphid,,
Bighorn Sheep,Mammal,Mammal,Goat / Sheep / Ibex,,
Binturong,Mammal,Mammal,Cat / Lion / Tiger / Cheetah / Leopard / Cheetah / Cougar / Civet cat,,
Bird,Bird,Bird,Bird,,Yes
Bison,Mammal,Mammal,Cow / Buffalo / Bison,,
Black Bean Aphid,Insect,Insect,Ant / Termite / Aphid,,
Black Bearded Draco,Reptile,Reptile,Lizard / Gecko / Draco / Iguana / Chamelon,,
Black Click Beetle,Insect,Insect,Beetle,,
Black Duiker,Mammal,Mammal,Deer / Antelope / Caribou / Moose,,
Black Durgon Fish,Fish,Fish,Fish,,
Black Grouse,Bird,Bird,Chicken / Curassow / Turkey,,
Black Headed Python,Reptile,Reptile / Snake,Snake / Cobra / Viper / Python,,
Black Mamba,Reptile,Reptile / Snake,Snake / Cobra / Viper / Python,,
Black Necked Spitting Cobra,Reptile,Reptile / Snake,Snake / Cobra / Viper / Python,,
Black Stork,Bird,Bird,Water bird / Duck / Swan / Goose,,
Black Swan,Bird,Bird,Water bird / Duck / Swan / Goose,,
Black-Winged Stilt,Bird,Bird,Bird,,
Blackbird,Bird,Bird,Bird,,
Blue Dasher Dragonfly,Insect,Insect,Dragonfly / Mayfly / Damselfly,,
Blue Orchard Bee,Insect,Insect,Bee / Wasp,,
Blue Orchard Bee Larva,Insect,Insect / Larva / Pupa,Larva / Pupa,Yes,
Blue Poison Dart Frog,Amphibian,Amphibian,Frog / Toad,,
Blue Whale,Fish,Fish / Large swimmer,Whale,,
Blue-Ringed Octopus,Sea animal,Sea animal / Octopus,Octopus / Squid / Cuttlefish,,
Bluehead Wrasse Fish,Fish,Fish,Fish,,
Bluethroat,Bird,Bird,Bird,,
Boa,Reptile,Reptile / Snake,Snake / Cobra / Viper / Python,,
Boar,Mammal,Mammal,Pig / Boar / Hog,,
Bogong Moth,Insect,Insect,Butterfly / Moth,,
Bombardier Beetle,Insect,Insect,Beetle,,
Bongo,Mammal,Mammal,Deer / Antelope / Caribou / Moose,,
Bordered Mantis,Insect,Insect,Cricket / Grasshopper / Praying mantis / Leafhopper,,
Boreal Owl,Bird,Bird,Bird,,
Bornean Orangutan,Mammal,Mammal,Primate / Monkey / Macaque / Baboon / Chimpanzee / Gorilla / Orangutan / Langur,,
Botaurus Stellaris Bird,Bird,Bird,Bird,,
Bothriechis,Reptile,Reptile / Snake,Snake / Cobra / Viper / Python,,
Bothrops Asper,Reptile,Reptile / Snake,Snake / Cobra / Viper / Python,,
Bottlenose Dolphin,Fish,Fish / Large swimmer,Dolphin / Orca,,
Box Jellyfish,Sea animal,Sea animal / Jellyfish,Jellyfish / Ctenophore,,
Boxer Crab,Sea animal,Sea animal / Crab,Crab,,
Brittle Star,Sea animal,Sea animal / Sea star,Sea star,,
Brooke's Duikers,Mammal,Mammal,Deer / Antelope / Caribou / Moose,,
Brown Garden Snail,Insect,Insect / Snail,Snail / Slug / Nudibranch,,
Brown Hare,Mammal,Mammal,Hare / Rabbit,,
Brown-banded cockroach,Insect,Insect,Cockroach,,
Buffalo,Mammal,Mammal,Cow / Buffalo / Bison,,
Bull shark,Fish,Fish / Large swimmer,Shark,,
Bullfinch,Bird,Bird,Bird,,
Bullfrog,Amphibian,Amphibian,Frog / Toad,,
Bullfrog Tadpole,Amphibian,Amphibian / Tadpole,Tadpole,,
Bumblebee,Insect,Insect,Bee / Wasp,,
Bush Stone-Curlew,Bird,Bird,Bird,,
Bushmaster Snake,Reptile,Reptile / Snake,Snake / Cobra / Viper / Python,,
Butterfly,Insect,Insect,Butterfly / Moth,,
Butterfly Fish,Fish,Fish,Fish,,
Cabbage White Caterpillar,Insect,Insect / Caterpillar / Worm,Caterpillar / Centipede / Millipede,Yes,
Caddisfly,Insect,Insect,Caddisfly,,
Caddisfly Larva,Insect,Insect / Larva / Pupa,Larva / Pupa,Yes,
Calamari,Sea animal,Sea animal / Octopus,Octopus / Squid / Cuttlefish,,
Calidris apina Bird,Bird,Bird,Bird,,
Calidris minuta Bird,Bird,Bird,Bird,,
California Newt,Amphibian,Amphibian,Salamander / Newt,,
California Newt Young,Amphibian,Amphibian,Salamander / Newt,Yes,
California Oak Moth,Insect,Insect,Butterfly / Moth,,
California Oak Moth Larva,Insect,Insect / Larva / Pupa,Larva / Pupa,Yes,
California Oak Moth Pupa,Insect,Insect,Pupa,Yes,
California Rock Crab,Sea animal,Sea animal / Crab,Crab,,
California Sea Lion,Sea animal,Sea animal / Seal,Seal / Walrus,,
Camberwell Beauty Butterfly,Insect,Insect,Butterfly / Moth,,
Camel,Mammal,Mammal,Alpaca / Camel,,
Campbell's Monkey,Mammal,Mammal,Primate / Monkey / Macaque / Baboon / Chimpanzee / Gorilla / Orangutan / Langur,,
Cape Buffalo,Mammal,Mammal,Cow / Buffalo / Bison,,
Capuchin Monkey,Mammal,Mammal,Primate / Monkey / Macaque / Baboon / Chimpanzee / Gorilla / Orangutan / Langur,,
Carcharhinus galapagensis,Fish,Fish / Large swimmer,Shark,,
Carcharhinus limbatus,Fish,Fish / Large swimmer,Shark,,
Carcharias taurus,Fish,Fish / Large swimmer,Shark,,
Carcharodon carcharias,Fish,Fish / Large swimmer,Shark,,
Cardinal Fish,Fish,Fish,Fish,,
Caretta caretta Turtle,Reptile,Reptile / Turtle,Tortoise / Turtle,,
Caribou,Mammal,Mammal,Deer / Antelope / Caribou / Moose,,
Carolina Duck,Bird,Bird,Water bird / Duck / Swan / Goose,,
Carribean Rock Mantis Shrimp,Sea animal,Sea animal / Prawn,Prawn / Shrimp / Lobster,,
Caspian Tern,Bird,Bird,Bird,,
Cat,Mammal,Mammal,Cat / Lion / Tiger / Cheetah / Leopard / Cheetah / Cougar / Civet cat,,
Caterpillar,Insect,Insect / Caterpillar / Worm,Caterpillar / Centipede / Millipede,Yes,Yes
Catfish,Fish,Fish,Fish,,
Cattle,Mammal,Mammal,Cow / Buffalo / Bison,,
Cayman,Reptile,Reptile,Crocodile / Alligator,,
Chaffinch Bird,Bird,Bird,Bird,,
Chameleon,Reptile,Reptile,Lizard / Gecko / Draco / Iguana / Chamelon,,
Chamois Goat Antelope,Mammal,Mammal,Deer / Antelope / Caribou / Moose,,
Charadrius dubius Bird,Bird,Bird,Bird,,
Cheetah,Mammal,Mammal,Cat / Lion / Tiger / Cheetah / Leopard / Cheetah / Cougar / Civet cat,,
Chelonia mydas Turtle,Reptile,Reptile / Turtle,Tortoise / Turtle,,
Chicken,Bird,Bird,Chicken / Curassow / Turkey,,
Chimpanzee,Mammal,Mammal,Primate / Monkey / Macaque / Baboon / Chimpanzee / Gorilla / Orangutan / Langur,,
Chipmunk,Mammal,Mammal,Rodent / Rat / Mouse / Hamster / Guinea pig / Pika,,
Chrysoperla rufilabris Green Lacewing Larva,Insect,Insect / Larva / Pupa,Larva / Pupa,Yes,
Cichlid,Fish,Fish,Fish,,
Circus aeruginosus Bird,Bird,Bird,Bird,,
Citrine Wagtail,Bird,Bird,Bird,,
Civet Cat,Mammal,Mammal,Cat / Lion / Tiger / Cheetah / Leopard / Cheetah / Cougar / Civet cat,,
Clitarchus hookeri Common Stick Insect,Insect,Insect,Stick insect,,
Clouded Monitor Lizard,Reptile,Reptile,Lizard / Gecko / Draco / Iguana / Chamelon,,
Clownfish,Fish,Fish,Fish,,
Coati,Mammal,Mammal,Cat / Lion / Tiger / Cheetah / Leopard / Cheetah / Cougar / Civet cat,,
Cobra,Reptile,Reptile / Snake,Snake / Cobra / Viper / Python,,
Cockatiel,Bird,Bird,Bird,,
Cockroach,Insect,Insect,Cockroach,,
Coelacanth,Fish,Fish,Fish,,
Colugo,Mammal,Mammal,Flying fox / Colugo,,
Common Basilisk Lizard,Reptile,Reptile,Lizard / Gecko / Draco / Iguana / Chamelon,,
Common Bleak,Fish,Fish,Fish,,
Common Buzzard,Bird,Bird,Bird,,
Common Chaffinch Bird,Bird,Bird,Bird,,
Common Chiffchaff Bird,Bird,Bird,Bird,,
Common Crane,Bird,Bird,Bird,,
Common Crowned Pigeon,Bird,Bird,Bird,,
Common Cuckoo Bird,Bird,Bird,Bird,,
Common Eastern Bumblebee,Insect,Insect,Bee / Wasp,,
Common Eider,Bird,Bird,Water bird / Duck / Swan / Goose,,
Common Goldeneye,Bird,Bird,Water bird / Duck / Swan / Goose,,
Common Greenshank,Bird,Bird,Bird,,
Common Quail Bird,Bird,Bird,Bird,,
Common Redshank,Bird,Bird,Bird,,
Common Rosefinch Bird,Bird,Bird,Bird,,
Common Snipe,Bird,Bird,Bird,,
Common Whitethroat Bird,Bird,Bird,Bird,,
Common Wood Pigeon,Bird,Bird,Bird,,
Cone Snail,Insect,Insect / Snail,Snail / Slug / Nudibranch,,
Convergent Ladybug,Insect,Insect,Ladybug,,
Copper Shark,Fish,Fish / Large swimmer,Shark,,
Coral Mimic Snake,Reptile,Reptile / Snake,Snake / Cobra / Viper / Python,,
Coral Snake,Reptile,Reptile / Snake,Snake / Cobra / Viper / Python,,
Corncrake,Bird,Bird,Bird,,
Coronate medusa Jellyfish,Sea animal,Sea animal / Jellyfish,Jellyfish / Ctenophore,,
Coronella austriaca Snake,Reptile,Reptile / Snake,Snake / Cobra / Viper / Python,,
Corroboree Frog,Amphibian,Amphibian,Frog / Toad,,
Cotesia glomerata Wasp,Insect,Insect,Bee / Wasp,,
Cougar,Mammal,Mammal,Cat / Lion / Tiger / Cheetah / Leopard / Cheetah / Cougar / Civet cat,,
Cow,Mammal,Mammal,Cow / Buffalo / Bison,,
Coyote,Mammal,Mammal,Dog / Wolf / Fox / Coyote / Jackal,,
Crab,Sea animal,Sea animal / Crab,Crab,,
Crane,Bird,Bird,Bird,,
Crane Fly,Insect,Insect,Mosquito / Crane fly,,
Crested Grebe Bird,Bird,Bird,Bird,,
Cricket,Insect,Insect,Cricket / Grasshopper / Praying mantis / Leafhopper,,
Crocodile,Reptile,Reptile,Crocodile / Alligator,,
Crocodylus acutus Crocodile,Reptile,Reptile,Crocodile / Alligator,,
Crocodylus palustris Crocodile,Reptile,Reptile,Crocodile / Alligator,,
Crotalus willardi Ridge Nosed Rattlesnake,Reptile,Reptile / Snake,Snake / Cobra / Viper / Python,,
Crow,Bird,Bird,Bird,,
Crowned Eagle,Bird,Bird,Bird,,
Cryptic Kelp Crab,Sea animal,Sea animal / Crab,Crab,,
Cryptic Mantis,Insect,Insect,Cricket / Grasshopper / Praying mantis / Leafhopper,,
Culex pipiens Mosquito,Insect,Insect,Mosquito / Crane fly,,
Cuttlefish,Sea animal,Sea animal / Octopus,Octopus / Squid / Cuttlefish,,
Cyclosa Conica,Insect,Insect / Spider,Spider / Tarantula,,
Daddy Longlegs Spider,Insect,Insect / Spider,Spider / Tarantula,,
Dampwood Termite,Insect,Insect,Ant / Termite / Aphid,,
Damsel Fish,Fish,Fish,Fish,,
Damselfly,Insect,Insect,Dragonfly / Mayfly / Damselfly,,
Damselfly Nymph,Insect,Insect / Larva / Pupa,Pupa,Yes,
Danaus plexippus Monarch Butterfly,Insect,Insect,Butterfly / Moth,,
Danaus plexippus Monarch Butterfly Caterpillar,Insect,Insect / Caterpillar / Worm,Caterpillar / Centipede / Millipede,Yes,
Danube Bleak Fish,Fish,Fish,Fish,,
Danube Salmon,Fish,Fish,Fish,,
Darner Damselfly,Insect,Insect,Dragonfly / Mayfly / Damselfly,,
Darner Damselfly Larva,Insect,Insect / Larva / Pupa,Larva / Pupa,Yes,
Darwin's Frog,Amphibian,Amphibian,Frog / Toad,,
Decorator Crab,Sea animal,Sea animal / Crab,Crab,,
Deer,Mammal,Mammal,Deer / Antelope / Caribou / Moose,,
Dendroaspis polylepis Black Mamba,Reptile,Reptile / Snake,Snake / Cobra / Viper / Python,,
Desert Fox,Mammal,Mammal,Dog / Wolf / Fox / Coyote / Jackal,,
Desert Rain Frog,Amphibian,Amphibian,Frog / Toad,,
Dholes,Mammal,Mammal,Dog / Wolf / Fox / Coyote / Jackal,,
Diana Monkey,Mammal,Mammal,Primate / Monkey / Macaque / Baboon / Chimpanzee / Gorilla / Orangutan / Langur,,
Dice Snake,Reptile,Reptile / Snake,Snake / Cobra / Viper / Python,,
Dingo Dog,Mammal,Mammal,Dog / Wolf / Fox / Coyote / Jackal,,
Dispholidus typus Snake,Reptile,Reptile / Snake,Snake / Cobra / Viper / Python,,
Diving Bell Water Spider,Insect,Insect / Spider,Spider / Tarantula,,
Dog,Mammal,Mammal,Dog / Wolf / Fox / Coyote / Jackal,,
Dog Faced Water Snake,Reptile,Reptile / Snake,Snake / Cobra / Viper / Python,,
Dolphin,Fish,Fish / Large swimmer,Dolphin / Orca,,
Donkey,Mammal,Mammal,Horse,,
Dorado,Fish,Fish,Fish,,
Draco Lizard,Reptile,Reptile,Lizard / Gecko / Draco / Iguana / Chamelon,,
Dragonfly,Insect,Insect,Dragonfly / Mayfly / Damselfly,,
Drosophila melanogaster Fruit Fly,Insect,Insect,Fly,,
Duck,Bird,Bird,Water bird / Duck / Swan / Goose,,
Dumbo Octopus,Sea animal,Sea animal / Octopus,Octopus / Squid / Cuttlefish,,
Dumeril's Boa,Reptile,Reptile / Snake,Snake / Cobra / Viper / Python,,
Eagle,Bird,Bird,Bird,,
Earthworm,Insect,Insect / Caterpillar / Worm,Worm,,
Eastern montpellier Snake,Reptile,Reptile / Snake,Snake / Cobra / Viper / Python,,
Echina,Mammal,Mammal,Echidna / Hedgehog,,
Eel,Fish,Fish,Eel,,
Eelgrass Isopod,Insect,Insect,Isopod,,
Eelgrass Sea Hare,Insect,Insect / Snail,Snail / Slug / Nudibranch,,
Egret,Bird,Bird,Bird,,
Elegant Bronzeback Snake,Reptile,Reptile / Snake,Snake / Cobra / Viper / Python,,
Elephant,Mammal,Mammal,Elephant,,
Elk,Mammal,Mammal,Deer / Antelope / Caribou / Moose,,
Emerita analoga,Sea animal,Sea animal / Crab,Crab,,
Ensatina,Amphibian,Amphibian,Salamander / Newt,,
Estuarine Crocodile,Reptile,Reptile,Crocodile / Alligator,,
Eurasian Skylark Bird,Bird,Bird,Bird,,
Eurasian Wren Bird,Bird,Bird,Bird,,
Eurasian Wryneck Bird,Bird,Bird,Bird,,
European Robin Bird,Bird,Bird,Bird,,
European Serin Bird,Bird,Bird,Bird,,
European Turtle Dove,Bird,Bird,Bird,,
Eyelash Pit Viper,Reptile,Reptile / Snake,Snake / Cobra / Viper / Python,,
Falcon,Bird,Bird,Bird,,
Fea's Muntjac,Mammal,Mammal,Deer / Antelope / Caribou / Moose,,
Feather Star,Sea animal,Sea animal / Sea star,Sea star,,
Feathery Tailed Flatted Bug,Insect,Insect,Flatted bug,,
Fer-de-lance snake,Reptile,Reptile / Snake,Snake / Cobra / Viper / Python,,
Fiddler Crab,Sea animal,Sea animal / Crab,Crab,,
Firebrat Insect,Insect,Insect,Silverfish / Firebrat,,
Firecrest Bird,Bird,Bird,Bird,,
Firefly,Insect,Insect,Firefly,,
Fish,Fish,Fish,Fish,,Yes
Fishing Cat,Mammal,Mammal,Cat / Lion / Tiger / Cheetah / Leopard / Cheetah / Cougar / Civet cat,,
Flame Skimmer Dragonfly,Insect,Insect,Dragonfly / Mayfly / Damselfly,,
Flamingo,Bird,Bird,Bird,,
Flamingo Young,Bird,Bird,Bird,Yes,
Flowerhorn Fish,Fish,Fish,Fish,,
Fly,Insect,Insect,Fly,,
Flying Ant,Insect,Insect,Ant / Termite / Aphid,,
Flying Fish,Fish,Fish,Fish,,
Flying Lizard,Reptile,Reptile,Lizard / Gecko / Draco / Iguana / Chamelon,,
Flying Snake,Reptile,Reptile / Snake,Snake / Cobra / Viper / Python,,
Foam Nest Frog,Amphibian,Amphibian,Frog / Toad,,
Forest Buffalo,Mammal,Mammal,Cow / Buffalo / Bison,,
Forest Cobra,Reptile,Reptile / Snake,Snake / Cobra / Viper / Python,,
Forficula auricularia,Insect,Insect,Earwig,,
Formica accreta,Insect,Insect,Ant / Termite / Aphid,,
Fox,Mammal,Mammal,Dog / Wolf / Fox / Coyote / Jackal,,
Frigatebird,Bird,Bird,Bird,,
Frilled Neck Lizard,Reptile,Reptile,Lizard / Gecko / Draco / Iguana / Chamelon,,
Frog,Amphibian,Amphibian,Frog / Toad,,Yes
Frog Tadpole,Amphibian,Amphibian / Tadpole,Tadpole,,
Fruit Bat,Mammal,Mammal / Bat,Bat,,
Fruit Fly,Insect,Insect,Fly,,
Gaboon Viper,Reptile,Reptile / Snake,Snake / Cobra / Viper / Python,,
Galapagos Tortoise,Reptile,Reptile / Turtle,Tortoise / Turtle,,
Galeocerdo cuvier,Fish,Fish / Large swimmer,Shark,,
Gallinago gallinago Bird,Bird,Bird,Bird,,
Garganey,Bird,Bird,Water bird / Duck / Swan / Goose,,
Gaur,Mammal,Mammal,Cow / Buffalo / Bison,,
Gavialis gangeticus Crocodile,Reptile,Reptile,Crocodile / Alligator,,
Gazelle,Mammal,Mammal,Deer / Antelope / Caribou / Moose,,
Gecarcinus lateralis Crab,Sea animal,Sea animal / Crab,Crab,,
Gecko,Reptile,Reptile,Lizard / Gecko / Draco / Iguana / Chamelon,,
Genet,Mammal,Mammal,Cat / Lion / Tiger / Cheetah / Leopard / Cheetah / Cougar / Civet cat,,
Gerbil,Mammal,Mammal,Rodent / Rat / Mouse / Hamster / Guinea pig / Pika,,
Gharial,Reptile,Reptile,Crocodile / Alligator,,
Giant Forest Hog,Mammal,Mammal,Pig / Boar / Hog,,
Giant Galapagos Tortoise,Reptile,Reptile / Turtle,Tortoise / Turtle,,
Giant Gerbil,Mammal,Mammal,Rodent / Rat / Mouse / Hamster / Guinea pig / Pika,,
Giant Ground Gecko,Reptile,Reptile,Lizard / Gecko / Draco / Iguana / Chamelon,,
Giant Ground Pangolin,Mammal,Mammal,Pangolin,,
Giant Hornet,Insect,Insect,Bee / Wasp,,
Giant Salamander,Amphibian,Amphibian,Salamander / Newt,,
Giant Tortoise,Reptile,Reptile / Turtle,Tortoise / Turtle,,
Giant Trevally,Fish,Fish,Fish,,
Gibbon,Mammal,Mammal,Primate / Monkey / Macaque / Baboon / Chimpanzee / Gorilla / Orangutan / Langur,,
Gila Monster,Amphibian,Amphibian,Salamander / Newt,,
Giraffe,Mammal,Mammal,Giraffe,,
Glass Frog,Amphibian,Amphibian,Frog / Toad,,
Glossina morsitans morsitans,Insect,Insect,Fly,,
Glossina morsitans morsitans Larva,Insect,Insect / Larva / Pupa,Larva / Pupa,Yes,
Goat,Mammal,Mammal,Goat / Sheep / Ibex,,
Goby Fish,Fish,Fish,Fish,,
Goldcrest Bird,Bird,Bird,Bird,,
Golden Eagle,Bird,Bird,Bird,,
Golden Orb Spider,Insect,Insect / Spider,Spider / Tarantula,,
Golden Oriole,Bird,Bird,Bird,,
Golden Poison Frog,Amphibian,Amphibian,Frog / Toad,,
Goldfinch,Bird,Bird,Bird,,
Goose,Bird,Bird,Water bird / Duck / Swan / Goose,,
Gorilla,Mammal,Mammal,Primate / Monkey / Macaque / Baboon / Chimpanzee / Gorilla / Orangutan / Langur,,
Graphocephala atropunctata Sharpshooter,Insect,Insect,Cricket / Grasshopper / Praying mantis / Leafhopper,,
Grass Snake,Reptile,Reptile / Snake,Snake / Cobra / Viper / Python,,
Grass Spider,Insect,Insect / Spider,Spider / Tarantula,,
Grass Warbler Bird,Bird,Bird,Bird,,
Grasshopper,Insect,Insect,Cricket / Grasshopper / Praying mantis / Leafhopper,,
Grasshopper Warbler,Bird,Bird,Bird,,
Gray Angelfish,Fish,Fish,Fish,,
Gray Whale,Fish,Fish / Large swimmer,Whale,,
Grayling Fish,Fish,Fish,Fish,,
Great Argus,Bird,Bird,Chicken / Curassow / Turkey,,
Great Curassow,Bird,Bird,Chicken / Curassow / Turkey,,
Great Diving Beetle,Insect,Insect,Beetle,,
Great Egret,Bird,Bird,Bird,,
Great Grey Shrike,Bird,Bird,Bird,,
Great Grey Shrike Young,Bird,Bird,Bird,Yes,
Great Ramshorn Snail,Insect,Insect / Snail,Snail / Slug / Nudibranch,,
Great Reed Warbler Bird,Bird,Bird,Bird,,
Great Snipe,Bird,Bird,Bird,,
Great White Shark,Fish,Fish / Large swimmer,Shark,,
Greater Flamingo,Bird,Bird,Bird,,
Greater Mouse Deer,Mammal,Mammal,Deer / Antelope / Caribou / Moose,,
Greater Racket Tail Drongo,Bird,Bird,Bird,,
Grebe Bird,Bird,Bird,Water bird / Duck / Swan / Goose,,
Green Bottle Fly,Insect,Insect,Fly,,
Green Crested Lizard,Reptile,Reptile,Lizard / Gecko / Draco / Iguana / Chamelon,,
Green Iguana,Reptile,Reptile,Lizard / Gecko / Draco / Iguana / Chamelon,,
Green Mamba,Reptile,Reptile / Snake,Snake / Cobra / Viper / Python,,
Green Pea Aphid,Insect,Insect,Ant / Termite / Aphid,,
Green Woodpecker,Bird,Bird,Bird,,
Greta oto Glasswing Butterfly,Insect,Insect,Butterfly / Moth,,
Greta oto Glasswing Butterfly Caterpillar,Insect,Insect / Caterpillar / Worm,Caterpillar / Centipede / Millipede,Yes,
Grey Bird,Bird,Bird,Bird,,
Grey Heron,Bird,Bird,Bird,,
Grey Langur,Mammal,Mammal,Primate / Monkey / Macaque / Baboon / Chimpanzee / Gorilla / Orangutan / Langur,,
Grey Langur Young,Mammal,Mammal,Primate / Monkey / Macaque / Baboon / Chimpanzee / Gorilla / Orangutan / Langur,,
Greylag Goose,Bird,Bird,Water bird / Duck / Swan / Goose,,
Grizzly Bear,Mammal,Mammal,Bear,,
Gryllus lineaticeps,Insect,Insect,Cricket / Grasshopper / Praying mantis / Leafhopper,,
Guanaco,Mammal,Mammal,Alpaca / Camel,,
Guinea Pig,Mammal,Mammal,Rodent / Rat / Mouse / Hamster / Guinea pig / Pika,,
Gull,Bird,Bird,Bird,,
Guppy,Fish,Fish,Fish,,
Guttural Toad,Amphibian,Amphibian,Frog / Toad,,
Gyalopion canum Snake,Reptile,Reptile / Snake,Snake / Cobra / Viper / Python,,
Habronattus clypeatus,Insect,Insect / Spider,Spider / Tarantula,,
Hairworm,Insect,Insect / Caterpillar / Worm,Worm,,
Hairworm Egg,Insect,Insect / Egg,Egg,,
Hairworm Larva,Insect,Insect / Larva / Pupa,Larva / Pupa,Yes,
Hairy Caterpillar,Insect,Insect / Caterpillar / Worm,Caterpillar / Centipede / Millipede,Yes,
Halyomorpha halys,Insect,Insect,Stink bug,,
Hamadryas feronia Variable Cracker Butterfly,Insect,Insect,Butterfly / Moth,,
Hammerhead Shark,Fish,Fish / Large swimmer,Shark,,
Hartebeest,Mammal,Mammal,Deer / Antelope / Caribou / Moose,,
Hartlaub's Duck,Bird,Bird,Water bird / Duck / Swan / Goose,,
Harvester Ant,Insect,Insect,Ant / Termite / Aphid,,
Hawfinch Bird,Bird,Bird,Bird,,
Hawk,Bird,Bird,Bird,,
Hawksbill Turtle,Reptile,Reptile / Turtle,Tortoise / Turtle,,
Hazel Grouse Bird,Bird,Bird,Bird,,
Hedgehog,Mammal,Mammal,Echidna / Hedgehog,,
Helmeted Guineafowl,Bird,Bird,Chicken / Curassow / Turkey,,
Hermit Crab,Sea animal,Sea animal / Crab,Crab,,
Heron,Bird,Bird,Bird,,
Hippodamia convergens Ladybug,Insect,Insect,Ladybug,,
Hippopotamus,Mammal,Mammal,Hippopotamus,,
Hognosed pit Viper,Reptile,Reptile / Snake,Snake / Cobra / Viper / Python,,
Homalodisca vitripennis Sharpshooter,Insect,Insect,Cricket / Grasshopper / Praying mantis / Leafhopper,,
Honey Bee,Insect,Insect,Bee / Wasp,,
Hoopoe,Bird,Bird,Bird,,
Hornbill,Bird,Bird,Bird,,
Horned Adder,Reptile,Reptile / Snake,Snake / Cobra / Viper / Python,,
Horse,Mammal,Mammal,Horse,,
Horse Young,Mammal,Mammal,Horse,Yes,
Horseshoe Crab,Sea animal,Sea animal / Horseshoe crab,Horseshoe Crab,,
House Centipede,Insect,Insect / Caterpillar / Worm,Caterpillar / Centipede / Millipede,,
House Cricket,Insect,Insect,Cricket / Grasshopper / Praying mantis / Leafhopper,,
Housefly,Insect,Insect,Fly,,
Hoverfly,Insect,Insect,Fly,,
Hoverfly Young,Insect,Insect / Larva / Pupa,Larva / Pupa,Yes,
Hummingbird,Bird,Bird,Bird,,
Hydroid,Sea animal,Sea animal / Jellyfish,Hydroid,,
Hyena,Mammal,Mammal,Hyena,,
Ibex,Mammal,Mammal,Goat / Sheep / Ibex,,
Ibis hagedash,Bird,Bird,Bird,,
Icterine Warbler Bird,Bird,Bird,Bird,,
Iguana,Reptile,Reptile,Lizard / Gecko / Draco / Iguana / Chamelon,,
Impala,Mammal,Mammal,Deer / Antelope / Caribou / Moose,,
Indian Chameleon,Reptile,Reptile,Lizard / Gecko / Draco / Iguana / Chamelon,,
Indian Walking Stick,Insect,Insect,Stick insect,,
Insect,Insect,Insect,Insect,,Yes
Ixos mcclellandii,Bird,Bird,Bird,,
Jack Snipe Bird,Bird,Bird,Bird,,
Jackal,Mammal,Mammal,Dog / Wolf / Fox / Coyote / Jackal,,
Jaculus jaculus,Mammal,Mammal,Rodent / Rat / Mouse / Hamster / Guinea pig / Pika,,
Jaguarundi Cat,Mammal,Mammal,Cat / Lion / Tiger / Cheetah / Leopard / Cheetah / Cougar / Civet cat,,
Jameson's Mamba,Reptile,Reptile / Snake,Snake / Cobra / Viper / Python,,
Javan Spitting Cobra,Reptile,Reptile / Snake,Snake / Cobra / Viper / Python,,
Jellyfish,Sea animal,Sea animal / Jellyfish,Jellyfish / Ctenophore,,
Jentink's Duiker,Mammal,Mammal,Deer / Antelope / Caribou / Moose,,
Jerusalam Cricket,Insect,Insect,Cricket / Grasshopper / Praying mantis / Leafhopper,,
Jeweled Cockroach Wasp,Insect,Insect,Bee / Wasp,,
Johnston's Chameleon,Reptile,Reptile,Lizard / Gecko / Draco / Iguana / Chamelon,,
Jumping Spider,Insect,Insect / Spider,Spider / Tarantula,,
Kangaroo,Mammal,Mammal,Kangaroo / Wallaby,,
Kangaroo Rat,Mammal,Mammal,Rodent / Rat / Mouse / Hamster / Guinea pig / Pika,,
Kangaroo Young,Mammal,Mammal,Kangaroo / Wallaby,Yes,
Keeltail Needlefish,Fish,Fish,Fish,,
King Cobra,Reptile,Reptile / Snake,Snake / Cobra / Viper / Python,,
King Colobus,Mammal,Mammal,Primate / Monkey / Macaque / Baboon / Chimpanzee / Gorilla / Orangutan / Langur,,
Kingfisher,Bird,Bird,Bird,,
Kiwi,Bird,Bird,Bird,,
Koala,Mammal,Mammal,Koala,,
Komodo Dragon,Reptile,Reptile,Lizard / Gecko / Draco / Iguana / Chamelon,,
Ladybug,Insect,Insect,Ladybug,,
Lampropeltis getula Snake,Reptile,Reptile / Snake,Snake / Cobra / Viper / Python,,
Lampropeltis pyromelana Snake,Reptile,Reptile / Snake,Snake / Cobra / Viper / Python,,
Lampropeltis splendida Snake,Reptile,Reptile / Snake,Snake / Cobra / Viper / Python,,
Lampropeltis zonata Snake,Reptile,Reptile / Snake,Snake / Cobra / Viper / Python,,
Lanius excubitor,Bird,Bird,Bird,,
Larus canus Bird,Bird,Bird,Bird,,
Larus ridibundus Bird,Bird,Bird,Bird,,
Larva,Insect,Insect / Larva / Pupa,Larva / Pupa,Yes,
Laticauda saintgironsi Sea Krait,Reptile,Reptile / Snake,Snake / Cobra / Viper / Python,,
Latrodectus hersperus Western Widow Spider,Insect,Insect / Spider,Spider / Tarantula,,
Leaf Insect,Insect,Insect,Leaf insect,,
Leaf-tailed Gecko,Reptile,Reptile,Lizard / Gecko / Draco / Iguana / Chamelon,,
Leafcutter Ant,Insect,Insect,Ant / Termite / Aphid,,
Leatherback Sea Turtle,Reptile,Reptile / Turtle,Tortoise / Turtle,,
Leech,Insect,Insect / Caterpillar / Worm,Worm,,
Leopard,Mammal,Mammal,Cat / Lion / Tiger / Cheetah / Leopard / Cheetah / Cougar / Civet cat,,
Leopard Gecko,Reptile,Reptile,Lizard / Gecko / Draco / Iguana / Chamelon,,
Leopard Seal,Sea animal,Sea animal / Seal,Seal / Walrus,,
Lepidobatrachus laevis Frog,Amphibian,Amphibian,Frog / Toad,,
Lesser Mousedeer,Mammal,Mammal,Deer / Antelope / Caribou / Moose,,
Lesser Spot Nosed Monkey,Mammal,Mammal,Primate / Monkey / Macaque / Baboon / Chimpanzee / Gorilla / Orangutan / Langur,,
Lesser Sunda Pit Viper,Reptile,Reptile / Snake,Snake / Cobra / Viper / Python,,
Lichanura trivirgata Snake,Reptile,Reptile / Snake,Snake / Cobra / Viper / Python,,
Lightfoot Crab,Sea animal,Sea animal / Crab,Crab,,
Lion,Mammal,Mammal,Cat / Lion / Tiger / Cheetah / Leopard / Cheetah / Cougar / Civet cat,,
Lion Young,Mammal,Mammal,Cat / Lion / Tiger / Cheetah / Leopard / Cheetah / Cougar / Civet cat,Yes,
Lionfish,Fish,Fish,Fish,,
Little Crake Bird,Bird,Bird,Bird,,
Little Egret,Bird,Bird,Bird,,
Lizard,Reptile,Reptile,Lizard / Gecko / Draco / Iguana / Chamelon,,
Lobster,Sea animal,Sea animal / Prawn,Prawn / Shrimp / Lobster,,
Long Horned Beetle,Insect,Insect,Beetle,,
Long Tail Scorpion,Insect,Insect,Scorpion,,
Long Tailed Macaque,Mammal,Mammal,Primate / Monkey / Macaque / Baboon / Chimpanzee / Gorilla / Orangutan / Langur,,
Long-toed Water Beetle,Insect,Insect,Beetle,,
Luscinia luscinia Nightingale Bird,Bird,Bird,Bird,,
Lynx,Mammal,Mammal,Cat / Lion / Tiger / Cheetah / Leopard / Cheetah / Cougar / Civet cat,,
Macaque,Mammal,Mammal,Primate / Monkey / Macaque / Baboon / Chimpanzee / Gorilla / Orangutan / Langur,,
Madagascar Hissing Cockroach,Insect,Insect,Cockroach,,
Madagascar Hissing Cockroach Mite,Insect,Insect,Mite / Tick,,
Malabar Pit Viper,Reptile,Reptile / Snake,Snake / Cobra / Viper / Python,,
Malayan Flying Fox,Mammal,Mammal,Flying fox / Colugo,,
Malayan Porcupine,Mammal,Mammal,Porcupine,,
Malayan Sun Bear,Mammal,Mammal,Bear,,
Malayan Tapir,Mammal,Mammal,Tapir,,
Malayan Water Monitor Lizard,Reptile,Reptile,Lizard / Gecko / Draco / Iguana / Chamelon,,
Mallard Duck,Bird,Bird,Water bird / Duck / Swan / Goose,,
Mandarin Duck,Bird,Bird,Water bird / Duck / Swan / Goose,,
Mandrill,Mammal,Mammal,Primate / Monkey / Macaque / Baboon / Chimpanzee / Gorilla / Orangutan / Langur,,
Manta Ray,Sea animal,Sea animal / Stingray,Stingray,,
Mantis,Insect,Insect,Cricket / Grasshopper / Praying mantis / Leafhopper,,
Mantis Shrimp,Sea animal,Sea animal / Prawn,Prawn / Shrimp / Lobster,,
Many Horned Adder,Reptile,Reptile / Snake,Snake / Cobra / Viper / Python,,
Marbled Cat,Mammal,Mammal,Cat / Lion / Tiger / Cheetah / Leopard / Cheetah / Cougar / Civet cat,,
Marbled Rubber Frog,Amphibian,Amphibian,Frog / Toad,,
Marine Iguana,Reptile,Reptile,Lizard / Gecko / Draco / Iguana / Chamelon,,
Markhor Goat,Mammal,Mammal,Goat / Sheep / Ibex,,
Maroon Macaque,Mammal,Mammal,Primate / Monkey / Macaque / Baboon / Chimpanzee / Gorilla / Orangutan / Langur,,
Marsh Frog,Amphibian,Amphibian,Frog / Toad,,
Marsh Harrier Bird,Bird,Bird,Bird,,
Marshbuck,Mammal,Mammal,Deer / Antelope / Caribou / Moose,,
Maxwell's Duiker,Mammal,Mammal,Deer / Antelope / Caribou / Moose,,
Mayfly,Insect,Insect,Dragonfly / Mayfly / Damselfly,,
Mayfly Larva,Insect,Insect / Larva / Pupa,Larva / Pupa,Yes,
Meerkat,Mammal,Mammal,Meerkat,,
Megalorchestia californiana Beach Hopper,Insect,Insect,Flea,,
Melanosuchus niger Crocodile,Reptile,Reptile,Crocodile / Alligator,,
Metlapilcoatlus mexicanus Jumping Pit Viper,Reptile,Reptile / Snake,Snake / Cobra / Viper / Python,,
Metrius Bombardier Beetle,Insect,Insect,Beetle,,
Micruroides euryxanthus Snake,Reptile,Reptile / Snake,Snake / Cobra / Viper / Python,,
Millipede,Insect,Insect / Caterpillar / Worm,Caterpillar / Centipede / Millipede,,
Mimic Blenny Fish,Fish,Fish,Fish,,
Mimic Poison Frog,Amphibian,Amphibian,Frog / Toad,,
Minke Whale,Fish,Fish / Large swimmer,Whale,,
Mistle Thrush,Bird,Bird,Bird,,
Mitred Leaf Monkey,Mammal,Mammal,Primate / Monkey / Macaque / Baboon / Chimpanzee / Gorilla / Orangutan / Langur,,
Mojave Rattlesnake,Reptile,Reptile / Snake,Snake / Cobra / Viper / Python,,
Mojave Rattlesnake Young,Reptile,Reptile / Snake,Snake / Cobra / Viper / Python,Yes,
Mongoose,Mammal,Mammal,Mongoose,,
Monitor Lizard,Reptile,Reptile,Lizard / Gecko / Draco / Iguana / Chamelon,,
Monkey,Mammal,Mammal,Primate / Monkey / Macaque / Baboon / Chimpanzee / Gorilla / Orangutan / Langur,,
Monkey Young,Mammal,Mammal,Primate / Monkey / Macaque / Baboon / Chimpanzee / Gorilla / Orangutan / Langur,Yes,
Monster Frog,Amphibian,Amphibian,Frog / Toad,,
Montagu's Harrier,Bird,Bird,Bird,,
Montagu's Harrier Young,Bird,Bird,Bird,Yes,
Montpellier Snake,Reptile,Reptile / Snake,Snake / Cobra / Viper / Python,,
Moose,Mammal,Mammal,Deer / Antelope / Caribou / Moose,,
Moray Eel,Fish,Fish,Eel,,
Morning Gecko,Reptile,Reptile,Lizard / Gecko / Draco / Iguana / Chamelon,,
Morpho Butterfly,Insect,Insect,Butterfly / Moth,,
Mosquito,Insect,Insect,Mosquito / Crane fly,,
Mosquito Larva,Insect,Insect / Larva / Pupa,Larva / Pupa,Yes,
Moss Crab,Sea animal,Sea animal / Crab,Crab,,
Motacilla alba Bird,Bird,Bird,Bird,,
Motacilla flava,Bird,Bird,Bird,,
Moth,Insect,Insect,Butterfly / Moth,,
Mountain Gorilla,Mammal,Mammal,Primate / Monkey / Macaque / Baboon / Chimpanzee / Gorilla / Orangutan / Langur,,
Mountain Pygmy Possum,Mammal,Mammal,Rodent / Rat / Mouse / Hamster / Guinea pig / Pika,,
Mountain Yellow-Legged Frog,Amphibian,Amphibian,Frog / Toad,,
Mouse,Mammal,Mammal,Rodent / Rat / Mouse / Hamster / Guinea pig / Pika,,
Mouse Deer,Mammal,Mammal,Deer / Antelope / Caribou / Moose,,
Mozambique Spitting Cobra,Reptile,Reptile / Snake,Snake / Cobra / Viper / Python,,
Mudskipper,Amphibian,Amphibian,Mudskipper,,
Mule Deer,Mammal,Mammal,Deer / Antelope / Caribou / Moose,,
Myna,Bird,Bird,Bird,,
Naja Nivea Snake,Reptile,Reptile / Snake,Snake / Cobra / Viper / Python,,
Namaqua Dwarf Adder,Reptile,Reptile / Snake,Snake / Cobra / Viper / Python,,
Namaqua Dwarf Chameleon,Reptile,Reptile,Lizard / Gecko / Draco / Iguana / Chamelon,,
Nasutitermes nigriceps Termite,Insect,Insect,Ant / Termite / Aphid,,
Natrix natrix Snake,Reptile,Reptile / Snake,Snake / Cobra / Viper / Python,,
Natrix tessellata Snake,Reptile,Reptile / Snake,Snake / Cobra / Viper / Python,,
Nautilus,Sea animal,Sea animal / Octopus,Nautilus,,
Nerillid worm,Insect,Insect / Caterpillar / Worm,Worm,,
Newt,Amphibian,Amphibian,Salamander / Newt,,
Newt Young,Amphibian,Amphibian,Salamander / Newt,Yes,
Nightingale Bird,Bird,Bird,Bird,,
Nilgai,Mammal,Mammal,Deer / Antelope / Caribou / Moose,,
Nine Banded Armadillo,Mammal,Mammal,Armadillo,,
Northern Pacific Rattlesnake,Reptile,Reptile / Snake,Snake / Cobra / Viper / Python,,
Nose-Horned Viper,Reptile,Reptile / Snake,Snake / Cobra / Viper / Python,,
Nudibranch,Insect,Insect / Snail,Snail / Slug / Nudibranch,,
Numenius arquata Bird,Bird,Bird,Bird,,
Nursery Web Spider,Insect,Insect / Spider,Spider / Tarantula,,
Nuthatch Bird,Bird,Bird,Bird,,
Nymphidium sp. Caterpillar,Insect,Insect / Caterpillar / Worm,Caterpillar / Centipede / Millipede,Yes,
Ocelot,Mammal,Mammal,Cat / Lion / Tiger / Cheetah / Leopard / Cheetah / Cougar / Civet cat,,
Octopus,Sea animal,Sea animal / Octopus,Octopus / Squid / Cuttlefish,,
Ocyropsis Ctenophore,Sea animal,Sea animal / Jellyfish,Jellyfish / Ctenophore,,
Olive Colobus,Mammal,Mammal,Primate / Monkey / Macaque / Baboon / Chimpanzee / Gorilla / Orangutan / Langur,,
Opossum,Mammal,Mammal,Possum / Oppossum,,
Orange Clownfish,Fish,Fish,Fish,,
Orangutan,Mammal,Mammal,Primate / Monkey / Macaque / Baboon / Chimpanzee / Gorilla / Orangutan / Langur,,
Orb Spider,Insect,Insect / Spider,Spider / Tarantula,,
Orb-Weaver Spider,Insect,Insect / Spider,Spider / Tarantula,,
Orca,Fish,Fish / Large swimmer,Dolphin / Orca,,
Oriental Pied Hornbill,Bird,Bird,Bird,,
Oriental Whip Snake,Reptile,Reptile / Snake,Snake / Cobra / Viper / Python,,
Osteolaemus osborni Crocodile,Reptile,Reptile,Crocodile / Alligator,,
Ostrich,Bird,Bird,Bird,,
Otter,Mammal,Mammal,Otter,,
Owen's Chameleon,Reptile,Reptile,Lizard / Gecko / Draco / Iguana / Chamelon,,
Owl,Bird,Bird,Bird,,
Pacman Frog,Amphibian,Amphibian,Frog / Toad,,
Paddlefish,Fish,Fish,Fish,,
Panda,Mammal,Mammal,Panda,,
Pangolin,Mammal,Mammal,Pangolin,,
Paradise Tree Snake,Reptile,Reptile / Snake,Snake / Cobra / Viper / Python,,
Parakeet,Bird,Bird,Bird,,
Parrot,Bird,Bird,Bird,,
Peacock,Bird,Bird,Bird,,
Peacock Mantis Shrimp,Sea animal,Sea animal / Prawn,Prawn / Shrimp / Lobster,,
Pelican,Bird,Bird,Bird,,
Penguin,Bird,Bird / Penguin,Penguin,,
Perch Fish,Fish,Fish,Fish,,
Phalacrocorax carbo Bird,Bird,Bird,Bird,,
Philomachus pugnax Ruff Bird,Bird,Bird,Bird,,
Phyllium giganteum,Insect,Insect,Leaf insect,,
Pig-Tailed Macaque,Mammal,Mammal,Primate / Monkey / Macaque / Baboon / Chimpanzee / Gorilla / Orangutan / Langur,,
Pigeon,Bird,Bird,Bird,,
Pika,Mammal,Mammal,Rodent / Rat / Mouse / Hamster / Guinea pig / Pika,,
Pike Perch Fish,Fish,Fish,Fish,,
Pill Bug,Insect,Insect,Pillbug / Sandhopper / Sand flea,,
Pink Skunk Clownfish,Fish,Fish,Fish,,
Pipevine Swallowtail Caterpillar,Insect,Insect / Caterpillar / Worm,Caterpillar / Centipede / Millipede,Yes,
Piranha,Fish,Fish,Fish,,
Pistol Shrimp,Sea animal,Sea animal / Prawn,Prawn / Shrimp / Lobster,,
Pit Viper,Reptile,Reptile / Snake,Snake / Cobra / Viper / Python,,
Pituophis catenifer Snake,Reptile,Reptile / Snake,Snake / Cobra / Viper / Python,,
Planarian schmidtea Mediterranea Flatworm,Insect,Insect / Caterpillar / Worm,Worm,,
Plantain Squirrel,Mammal,Mammal,Squirrel,,
Platypus,Mammal,Mammal,Platypus,,
Polar Bear,Mammal,Mammal,Bear,,
Polyergus mexicanus,Insect,Insect,Ant / Termite / Aphid,,
Porcupine,Mammal,Mammal,Porcupine,,
Portia Jumping Spider,Insect,Insect / Spider,Spider / Tarantula,,
Portugese Man O'War,Sea animal,Sea animal / Jellyfish,Jellyfish / Ctenophore,,
Postman Butterfly,Insect,Insect,Butterfly / Moth,,
Postman Butterfly Caterpillar,Insect,Insect / Caterpillar / Worm,Caterpillar / Centipede / Millipede,Yes,
Prawn,Sea animal,Sea animal / Prawn,Prawn / Shrimp / Lobster,,
Praying Mantis,Insect,Insect,Cricket / Grasshopper / Praying mantis / Leafhopper,,
Predaceous Diving Beetle,Insect,Insect,Beetle,,
Prevost's Squirrel,Mammal,Mammal,Squirrel,,
Proboscis Monkey,Mammal,Mammal,Primate / Monkey / Macaque / Baboon / Chimpanzee / Gorilla / Orangutan / Langur,,
Promecognathus crassus Beetle,Insect,Insect,Beetle,,
Puff Adder,Reptile,Reptile / Snake,Snake / Cobra / Viper / Python,,
Pufferfish,Fish,Fish,Fish,,
Puffin,Bird,Bird,Water bird / Duck / Swan / Goose,,
Puma,Mammal,Mammal,Cat / Lion / Tiger / Cheetah / Leopard / Cheetah / Cougar / Civet cat,,
Pygmy Hippopotamus,Sea animal,Sea animal / Sea urchin,Sea urchin,,
Pygmy Owl,Bird,Bird,Bird,,
Pygmy Seahorse,Sea animal,Sea animal / Sea horse,Sea horse,,
Python,Reptile,Reptile / Snake,Snake / Cobra / Viper / Python,,
Quail,Bird,Bird,Bird,,
Quokka,Mammal,Mammal,Rodent / Rat / Mouse / Hamster / Guinea pig / Pika,,
Rabbit,Mammal,Mammal,Hare / Rabbit,,
Racoon,Mammal,Mammal,Racoon,,
Raffles Banded Langur,Mammal,Mammal,Primate / Monkey / Macaque / Baboon / Chimpanzee / Gorilla / Orangutan / Langur,,
Rain Frog,Amphibian,Amphibian,Frog / Toad,,
Rat,Mammal,Mammal,Rodent / Rat / Mouse / Hamster / Guinea pig / Pika,,
Rat Snake,Reptile,Reptile / Snake,Snake / Cobra / Viper / Python,,
Rattlesnake,Reptile,Reptile / Snake,Snake / Cobra / Viper / Python,,
Raven,Bird,Bird,Bird,,
Red Ant,Insect,Insect,Ant / Termite / Aphid,,
Red Bellied Black Snake,Reptile,Reptile / Snake,Snake / Cobra / Viper / Python,,
Red Crossbill,Bird,Bird,Bird,,
Red Panda,Mammal,Mammal,Racoon,,
Red River Hog,Mammal,Mammal,Pig / Boar / Hog,,
Red Ruffed Lemur,Mammal,Mammal,Primate / Monkey / Macaque / Baboon / Chimpanzee / Gorilla / Orangutan / Langur,,
Red Spitting Cobra,Reptile,Reptile / Snake,Snake / Cobra / Viper / Python,,
Red-Backed Shrike Bird,Bird,Bird,Bird,,
Red-Backed Shrike Bird Young,Bird,Bird,Bird,Yes,
Red-Blacked Squirrel Monkey,Mammal,Mammal,Primate / Monkey / Macaque / Baboon / Chimpanzee / Gorilla / Orangutan / Langur,,
Red-Eyed Tree Frog,Amphibian,Amphibian,Frog / Toad,,
Red-Ruffed Lemur,Mammal,Mammal,Primate / Monkey / Macaque / Baboon / Chimpanzee / Gorilla / Orangutan / Langur,,
Red-Throated Pipit,Bird,Bird,Bird,,
Redback Spider,Insect,Insect / Spider,Spider / Tarantula,,
Reed Bunting Bird,Bird,Bird,Bird,,
Reef Octopus,Sea animal,Sea animal / Octopus,Octopus / Squid / Cuttlefish,,
Reindeer,Mammal,Mammal,Deer / Antelope / Caribou / Moose,,
Remiz pendulinus Bird,Bird,Bird,Bird,,
Reticulated Python,Reptile,Reptile / Snake,Snake / Cobra / Viper / Python,,
Rhacodactylus trachyrhynchus Gecko,Reptile,Reptile,Lizard / Gecko / Draco / Iguana / Chamelon,,
Rhamnophis aethiopissa Snake,Reptile,Reptile / Snake,Snake / Cobra / Viper / Python,,
Rhesus Macaque,Mammal,Mammal,Primate / Monkey / Macaque / Baboon / Chimpanzee / Gorilla / Orangutan / Langur,,
Rhincodon typus,Fish,Fish / Large swimmer,Shark,,
Rhinoceros,Mammal,Mammal,Rhinoceros,,
Rhinoceros Viper,Reptile,Reptile / Snake,Snake / Cobra / Viper / Python,,
Rhinoceros Young,Mammal,Mammal,Rhinoceros,Yes,
Ring-Tailed Lemur,Mammal,Mammal,Primate / Monkey / Macaque / Baboon / Chimpanzee / Gorilla / Orangutan / Langur,,
Rinkhals Snake,Reptile,Reptile / Snake,Snake / Cobra / Viper / Python,,
Robin Bird,Bird,Bird,Bird,,
Rockfish,Fish,Fish,Fish,,
Roe Deer,Mammal,Mammal,Deer / Antelope / Caribou / Moose,,
Rooster,Bird,Bird,Chicken / Curassow / Turkey,,
Rose-Breasted Cockatoo,Bird,Bird,Bird,,
Round Face Bat Fish,Fish,Fish,Fish,,
Royal Grammas Fish,Fish,Fish,Fish,,
Russell's Viper,Reptile,Reptile / Snake,Snake / Cobra / Viper / Python,,
Saddleback Galapagos Tortoise,Reptile,Reptile / Turtle,Tortoise / Turtle,,
Sagittarius Serpentarius Bird,Bird,Bird,Bird,,
Salamander,Amphibian,Amphibian,Salamander / Newt,,
Salmon,Fish,Fish,Fish,,
Salticidae Jumping Spider,Insect,Insect / Spider,Spider / Tarantula,,
Saltwater Crocodile,Reptile,Reptile,Crocodile / Alligator,,
Sambar Deer,Mammal,Mammal,Deer / Antelope / Caribou / Moose,,
Sand Bubbler Crab,Sea animal,Sea animal / Crab,Crab,,
Sand Frog,Amphibian,Amphibian,Frog / Toad,,
Sand Hopper,Insect,Insect,Pillbug / Sandhopper / Sand flea,,
Sardine,Fish,Fish,Fish,,
Savi's Warbler Bird,Bird,Bird,Bird,,
Sawfish,Fish,Fish,Fish,,
Scallop,Sea animal,Sea animal / Shellfish,Shellfish / Abalone / Clam / Mussel / Scallop,,
Scorpion,Insect,Insect,Scorpion,,
Scutigera coleoptera House Centipede,Insect,Insect / Caterpillar / Worm,Caterpillar / Centipede / Millipede,,
Sea Bird,Bird,Bird,Bird,,
Sea Cockroach,Insect,Insect,Cockroach,,
Sea Cucumber,Sea animal,Sea animal / Sea cucumber,Sea cucumber,,
Sea Goldies,Fish,Fish,Fish,,
Sea Lion,Sea animal,Sea animal / Seal,Seal / Walrus,,
Sea Otter,Mammal,Mammal,Otter,,
Sea Slug,Insect,Insect / Snail,Snail / Slug / Nudibranch,,
Sea Snail,Insect,Insect / Snail,Snail / Slug / Nudibranch,,
Sea Snake,Reptile,Reptile / Snake,Snake / Cobra / Viper / Python,,
Sea Spider,Insect,Insect / Spider,Spider / Tarantula,,
Sea Toad Fish,Fish,Fish,Fish,,
Sea Turtle,Reptile,Reptile / Turtle,Tortoise / Turtle,,
Sea Urchin,Sea animal,Sea animal / Sea urchin,Sea urchin,,
Seagull,Bird,Bird,Bird,,
Seahorse,Sea animal,Sea animal / Sea horse,Sea horse,,
Seal,Sea animal,Sea animal / Seal,Seal / Walrus,,
Sedge Warbler Bird,Bird,Bird,Bird,,
Sergeant Major Fish,Fish,Fish,Fish,,
Serow,Mammal,Mammal,Deer / Antelope / Caribou / Moose,,
Seven Banded Civet,Mammal,Mammal,Cat / Lion / Tiger / Cheetah / Leopard / Cheetah / Cougar / Civet cat,,
Shark,Fish,Fish / Large swimmer,Shark,,
Shearwater Bird,Bird,Bird,Bird,,
Shield Bug,Insect,Insect,Stink bug,,
Shoebill Bird,Bird,Bird,Bird,,
Shorebird,Bird,Bird,Bird,,
Short-Clawed Otter,Mammal,Mammal,Otter,,
Shrimp,Sea animal,Sea animal / Prawn,Prawn / Shrimp / Lobster,,
Siamese Fighting Fish,Fish,Fish,Fish,,
Side Blotched Lizard,Reptile,Reptile,Lizard / Gecko / Draco / Iguana / Chamelon,,
Sidewinder Rattlesnake,Reptile,Reptile / Snake,Snake / Cobra / Viper / Python,,
Singing Nightingale,Bird,Bird,Bird,,
Skate,Sea animal,Sea animal / Stingray,Stingray,,
Skink,Reptile,Reptile,Lizard / Gecko / Draco / Iguana / Chamelon,,
Skylark,Bird,Bird,Bird,,
Slender Hognosed Pit Viper,Reptile,Reptile / Snake,Snake / Cobra / Viper / Python,,
Slender-snouted Crocodile,Reptile,Reptile,Crocodile / Alligator,,
Sloth,Mammal,Mammal,Sloth,,
Sloth Bear,Mammal,Mammal,Bear,,
Slow Loris,Mammal,Mammal,Loris,,
Smew,Bird,Bird,Water bird / Duck / Swan / Goose,,
Smooth-Coated Otter,Mammal,Mammal,Otter,,
Snail,Insect,Insect / Snail,Snail / Slug / Nudibranch,,
Snake,Reptile,Reptile / Snake,Snake / Cobra / Viper / Python,,
Snouted Cobra,Reptile,Reptile / Snake,Snake / Cobra / Viper / Python,,
Snow Leopard,Mammal,Mammal,Cat / Lion / Tiger / Cheetah / Leopard / Cheetah / Cougar / Civet cat,,
Socotra Cormorant,Bird,Bird,Bird,,
Song Thrush Bird,Bird,Bird,Bird,,
Sooty Mangabey,Mammal,Mammal,Primate / Monkey / Macaque / Baboon / Chimpanzee / Gorilla / Orangutan / Langur,,
Southern Grasshopper Mouse,Mammal,Mammal,Rodent / Rat / Mouse / Hamster / Guinea pig / Pika,,
Sparrow,Bird,Bird,Bird,,
Sparrowhawk,Bird,Bird,Bird,,
Spectacled Cobra,Reptile,Reptile / Snake,Snake / Cobra / Viper / Python,,
Spider,Insect,Insect / Spider,Spider / Tarantula,,
Spider Crab,Sea animal,Sea animal / Crab,Crab,,
Spiny Flower Mantis,Insect,Insect,Cricket / Grasshopper / Praying mantis / Leafhopper,,
Spotted Deer,Mammal,Mammal,Deer / Antelope / Caribou / Moose,,
Spotted Whistling Duck,Bird,Bird,Water bird / Duck / Swan / Goose,,
Spotted Wood Owl,Bird,Bird,Bird,,
Squid,Sea animal,Sea animal / Octopus,Octopus / Squid / Cuttlefish,,
Squirrel,Mammal,Mammal,Squirrel,,
Sri Lankan Leopard,Mammal,Mammal,Cat / Lion / Tiger / Cheetah / Leopard / Cheetah / Cougar / Civet cat,,
Stag Beetle,Insect,Insect,Beetle,,
Stagmomantis limbata Bordered Mantis,Insect,Insect,Cricket / Grasshopper / Praying mantis / Leafhopper,,
Starfish,Sea animal,Sea animal / Sea star,Sea star,,
Starling Bird,Bird,Bird,Bird,,
Sterlet Fish,Fish,Fish,Fish,,
Stick Insect,Insect,Insect,Stick insect,,
Stingray,Sea animal,Sea animal / Stingray,Stingray,,
Stoat,Mammal,Mammal,Weasel,,
Stock Dove,Bird,Bird,Bird,,
Stonefish,Fish,Fish,Fish,,
Stork,Bird,Bird,Bird,,
Stork-billed Kingfisher,Bird,Bird,Bird,,
Strange-horned Chameleon,Reptile,Reptile,Lizard / Gecko / Draco / Iguana / Chamelon,,
Straw-necked Ibis,Bird,Bird,Bird,,
Strawberry Poison-dart Frog,Amphibian,Amphibian,Frog / Toad,,
Stump-tailed Macaque,Mammal,Mammal,Primate / Monkey / Macaque / Baboon / Chimpanzee / Gorilla / Orangutan / Langur,,
Sumatran Hog Badger,Mammal,Mammal,Badger,,
Sumatran Orangutan,Mammal,Mammal,Primate / Monkey / Macaque / Baboon / Chimpanzee / Gorilla / Orangutan / Langur,,
Sumatran Serow,Mammal,Mammal,Deer / Antelope / Caribou / Moose,,
Sumatran Tiger,Mammal,Mammal,Cat / Lion / Tiger / Cheetah / Leopard / Cheetah / Cougar / Civet cat,,
Sunbear,Mammal,Mammal,Bear,,
Surgeonfish,Fish,Fish,Fish,,
Swallow,Bird,Bird,Bird,,
Swan,Bird,Bird,Water bird / Duck / Swan / Goose,,
Syllid worm,Insect,Insect / Caterpillar / Worm,Worm,,
Tachybaptus ruficollis Bird,Bird,Bird,Bird,,
Tadpole,Amphibian,Amphibian / Tadpole,Tadpole,,Yes
Tamandua,Mammal,Mammal,Anteater,,
Tarantula,Insect,Insect / Spider,Spider / Tarantula,,
Tarantula Hawk Wasp,Insect,Insect,Bee / Wasp,,
Tawny Owl,Bird,Bird,Bird,,
Tayra,Mammal,Mammal,Weasel,,
Teddy Bear Crab,Sea animal,Sea animal / Crab,Crab,,
Tench Fish,Fish,Fish,Fish,,
Termite,Insect,Insect,Ant / Termite / Aphid,,
Tern,Bird,Bird,Bird,,
Terrapin,Reptile,Reptile / Turtle,Tortoise / Turtle,,
Tetragnatha versicolor,Insect,Insect / Spider,Spider / Tarantula,,
Texas Brown Tarantula,Insect,Insect / Spider,Spider / Tarantula,,
Thamin Deer,Mammal,Mammal,Deer / Antelope / Caribou / Moose,,
Thamnophis cyrtopsis Snake,Reptile,Reptile / Snake,Snake / Cobra / Viper / Python,,
Thelotornis Snake,Reptile,Reptile / Snake,Snake / Cobra / Viper / Python,,
Three-toed Woodpecker,Bird,Bird,Bird,,
Thrush Nightingale Bird,Bird,Bird,Bird,,
Tiger,Mammal,Mammal,Cat / Lion / Tiger / Cheetah / Leopard / Cheetah / Cougar / Civet cat,,
Tiger Salamander,Amphibian,Amphibian,Salamander / Newt,,
Tiger Shark,Fish,Fish / Large swimmer,Shark,,
Tinamou,Bird,Bird,Chicken / Curassow / Turkey,,
Tit Bird,Bird,Bird,Bird,,
Toad,Amphibian,Amphibian,Frog / Toad,,Yes
Toadfish,Fish,Fish,Fish,,
Tomato Frog,Amphibian,Amphibian,Frog / Toad,,
Tomistoma schlegelii Gharial,Reptile,Reptile,Crocodile / Alligator,,
Tortoise,Reptile,Reptile / Turtle,Tortoise / Turtle,,
Toucan,Bird,Bird,Bird,,
Trap-Door Spider,Insect,Insect / Spider,Spider / Tarantula,,
Tree Climbing Crab,Sea animal,Sea animal / Crab,Crab,,
Tree Hopper,Insect,Insect,Insect,,
Tree Snake,Reptile,Reptile / Snake,Snake / Cobra / Viper / Python,,
Tringa erythropus Bird,Bird,Bird,Bird,,
Tringa glareola Bird,Bird,Bird,Bird,,
Tringa nebularia Bird,Bird,Bird,Bird,,
Tringa ochropus Bird,Bird,Bird,Bird,,
Trissolcus japonicus Wasp,Insect,Insect,Bee / Wasp,,
Tropical Reed Frog,Amphibian,Amphibian,Frog / Toad,,
Trout,Fish,Fish,Fish,,
Trout Young,Fish,Fish,Fish,Yes,
Tuatara,Reptile,Reptile,Lizard / Gecko / Draco / Iguana / Chamelon,,
Tuna,Fish,Fish,Fish,,
Turdus merula Blackbird,Bird,Bird,Bird,,
Turret Spider,Insect,Insect / Spider,Spider / Tarantula,,
Turtle,Reptile,Reptile / Turtle,Tortoise / Turtle,,
Turtle Dove,Bird,Bird,Bird,,
Two-Toed Sloth,Mammal,Mammal,Sloth,,
Vampire Squid,Sea animal,Sea animal / Octopus,Octopus / Squid / Cuttlefish,,
Vanellus vanellus Bird,Bird,Bird,Bird,,
Vanessa cardui Caterpillar,Insect,Insect / Caterpillar / Worm,Caterpillar / Centipede / Millipede,Yes,
Vimba Fish,Fish,Fish,Fish,,
Viper,Reptile,Reptile / Snake,Snake / Cobra / Viper / Python,,
Vipera berus Snake,Reptile,Reptile / Snake,Snake / Cobra / Viper / Python,,
Vulture,Bird,Bird,Bird,,
Walking Stick,Insect,Insect,Stick insect,,
Walrus,Sea animal,Sea animal / Seal,Seal / Walrus,,
Wandering Alabatross,Bird,Bird,Water bird / Duck / Swan / Goose,,
Warthog,Mammal,Mammal,Pig / Boar / Hog,,
Wasp,Insect,Insect,Bee / Wasp,,
Water Dipper Bird,Bird,Bird,Bird,,
Water Insect,Insect,Insect,Water Insect,,Yes
Water Lily Frog,Amphibian,Amphibian,Frog / Toad,,
Water Rail Bird,Bird,Bird,Bird,,
Water Scorpion,Insect,Insect,Scorpion,,
Water Strider,Insect,Insect,Pond skater,,
Water Threader,Insect,Insect,Water Insect,,
Weaver Ant,Insect,Insect,Ant / Termite / Aphid,,
Wedge Tailed Eagle,Bird,Bird,Bird,,
Western Chimpanzee,Mammal,Mammal,Primate / Monkey / Macaque / Baboon / Chimpanzee / Gorilla / Orangutan / Langur,,
Western Chimpanzee Young,Mammal,Mammal,Primate / Monkey / Macaque / Baboon / Chimpanzee / Gorilla / Orangutan / Langur,Yes,
Western Diamondback,Reptile,Reptile / Snake,Snake / Cobra / Viper / Python,,
Western Diamondback Young,Reptile,Reptile / Snake,Snake / Cobra / Viper / Python,Yes,
Western Dwarf Chameleon,Reptile,Reptile,Lizard / Gecko / Draco / Iguana / Chamelon,,
Western Pine Beetle,Insect,Insect,Beetle,,
Western Pine Beetle Larva,Insect,Insect / Larva / Pupa,Larva / Pupa,Yes,
Western Pond Turtle,Reptile,Reptile / Turtle,Tortoise / Turtle,,
Western Widow Spider,Insect,Insect / Spider,Spider / Tarantula,,
Western-crest Guineafowl,Bird,Bird,Chicken / Curassow / Turkey,,
Whale,Fish,Fish / Large swimmer,Whale,,
Whinchat Bird,Bird,Bird,Bird,,
Whiskered Tern Bird,Bird,Bird,Bird,,
Whistling Duck,Bird,Bird,Water bird / Duck / Swan / Goose,,
White and Gray Wagtail Bird,Bird,Bird,Bird,,
White Cockatoo Bird,Bird,Bird,Bird,,
White Faced Heron,Bird,Bird,Bird,,
White Nosed Coati,Mammal,Mammal,Cat / Lion / Tiger / Cheetah / Leopard / Cheetah / Cougar / Civet cat,,
White Rhinoceros,Mammal,Mammal,Rhinoceros,,
White Speckled Rattlesnake,Reptile,Reptile / Snake,Snake / Cobra / Viper / Python,,
White Throated Dipper Bird,Bird,Bird,Bird,,
White Tiger,Mammal,Mammal,Cat / Lion / Tiger / Cheetah / Leopard / Cheetah / Cougar / Civet cat,,
White Wig Marine Iguana,Reptile,Reptile,Lizard / Gecko / Draco / Iguana / Chamelon,,
White-backed Woodpecker,Bird,Bird,Bird,,
White-bellied Fish Eagle,Bird,Bird,Bird,,
White-breasted Guineafowl,Bird,Bird,Chicken / Curassow / Turkey,,
White-breasted Waterhen,Bird,Bird,Bird,,
White-Faced Saki Monkey,Mammal,Mammal,Primate / Monkey / Macaque / Baboon / Chimpanzee / Gorilla / Orangutan / Langur,,
Whooper Swan,Bird,Bird,Water bird / Duck / Swan / Goose,,
Wild Boar,Mammal,Mammal,Pig / Boar / Hog,,
Wild Dog,Mammal,Mammal,Dog / Wolf / Fox / Coyote / Jackal,,
Wild Red-Tailed Boa,Reptile,Reptile / Snake,Snake / Cobra / Viper / Python,,
Wildebeest,Mammal,Mammal,Deer / Antelope / Caribou / Moose,,
Winter Ant,Insect,Insect,Ant / Termite / Aphid,,
Wolf,Mammal,Mammal,Dog / Wolf / Fox / Coyote / Jackal,,
Wolverine,Mammal,Mammal,Racoon,,
Wombat,Mammal,Mammal,Wombat,,
Wood Cricket,Insect,Insect,Cricket / Grasshopper / Praying mantis / Leafhopper,,
Wood Warbler,Bird,Bird,Bird,,
Woodlark Bird,Bird,Bird,Bird,,
Woodpecker,Bird,Bird,Bird,,
Worm,Insect,Insect / Caterpillar / Worm,Worm,,
Wormlion,Insect,Insect,Dragonfly / Mayfly / Damselfly,,
Wormlion Larva,Insect,Insect / Larva / Pupa,Larva / Pupa,Yes,
Wren,Bird,Bird,Bird,,
Xystocheir dissecta Millipede,Insect,Insect / Caterpillar / Worm,Caterpillar / Centipede / Millipede,,
Yak,Mammal,Mammal,Cow / Buffalo / Bison,,
Yellow Cuttlefish,Sea animal,Sea animal / Octopus,Octopus / Squid / Cuttlefish,,
Yellow Striped Tree Skink,Reptile,Reptile,Lizard / Gecko / Draco / Iguana / Chamelon,,
Yellow Watchman Goby Fish,Fish,Fish,Fish,,
Yellow Wrasse Fish,Fish,Fish,Fish,,
Yellow-backed Duiker,Mammal,Mammal,Deer / Antelope / Caribou / Moose,,
Yellow-eyed ensatina,Amphibian,Amphibian,Salamander / Newt,,
Yellow-throated Martens,Mammal,Mammal,Cat / Lion / Tiger / Cheetah / Leopard / Cheetah / Cougar / Civet cat,,
Yellowhammer,Bird,Bird,Bird,,
Yellowhammer Young,Bird,Bird,Bird,Yes,
Yellowtail Fusilier Fish,Fish,Fish,Fish,,
Zamenis longissiumus Snake,Reptile,Reptile / Snake,Snake / Cobra / Viper / Python,,
Zebra,Mammal,Mammal,Zebra,,
Zebra-Duiker,Mammal,Mammal,Zebra,,
Zooplankton,Sea animal,Sea animal / Prawn,Zooplankton,,
Zygiella x-notata,Insect,Insect / Spider,Spider / Tarantula,,
ommon Eider,Bird,Bird,Water bird / Duck / Swan / Goose,,